{"cameraMode":{"drawMode":0,"name":"Shaded","section":"Shading Mode"},"sceneLighting":false,"audioPlay":false,"sceneViewState":{"showFog":true,"showMaterialUpdate":false,"showSkybox":false,"showFlares":true,"showImageEffects":true,"showParticleSystems":true},"in2DMode":false,"pivot":{"x":-0.022101990878582,"y":0.02064196765422821,"z":0.012414071708917618},"rotation":{"x":0.05948013439774513,"y":-0.12663470208644868,"z":-0.007606287952512503,"w":-0.9901450276374817},"size":0.5382657647132874,"orthographic":true}