{"cameraMode":{"drawMode":0,"name":"Shaded","section":"Shading Mode"},"sceneLighting":false,"audioPlay":false,"sceneViewState":{"showFog":true,"showMaterialUpdate":false,"showSkybox":false,"showFlares":true,"showImageEffects":true,"showParticleSystems":true},"in2DMode":false,"pivot":{"x":-2.0399999618530275,"y":0.8700000047683716,"z":4.539999961853027},"rotation":{"x":-0.2935539186000824,"y":-0.10183688253164292,"z":0.03147173672914505,"w":-0.949988603591919},"size":0.40416616201400759,"orthographic":false}